{
  "ncd_zlib": {
    "pca": {
      "embedding": [
        [
          -0.19169039607849891,
          0.1053235180332836
        ],
        [
          -0.28445780761843686,
          -0.10623076183256251
        ],
        [
          -0.2982963932070051,
          -0.296214049510347
        ],
        [
          -0.22155122361101554,
          -0.38938603176454106
        ],
        [
          -0.3520560534973266,
          -0.28158155503914123
        ],
        [
          -0.14650225486731167,
          0.19676690320858123
        ],
        [
          -0.000572791701434733,
          0.2934108078699643
        ],
        [
          0.36123149282897277,
          -0.1657725856792618
        ],
        [
          0.3814352646852267,
          -0.165720560532147
        ],
        [
          -0.25131540564961957,
          0.11891717929480987
        ],
        [
          0.40559412897567776,
          -0.18256420962382455
        ],
        [
          0.4030335902035629,
          -0.2189899723606734
        ],
        [
          -0.05345988032873868,
          0.3479474218814638
        ],
        [
          0.2505123040607042,
          0.3189585826251661
        ],
        [
          -0.0019045741947561004,
          0.4251353134292294
        ]
      ],
      "info": {
        "method": "PCA",
        "explained_variance_ratio": [
          0.0821646622217666,
          0.07396266742701854
        ],
        "cumulative_variance": [
          0.0821646622217666,
          0.15612732964878515
        ],
        "total_variance_explained": 0.15612732964878515,
        "n_components": 2
      }
    },
    "tsne": {
      "error": "TSNE.__init__() got an unexpected keyword argument 'n_iter'"
    },
    "umap": {
      "embedding": [
        [
          11.104676246643066,
          1.1426959037780762
        ],
        [
          10.444576263427734,
          1.4319031238555908
        ],
        [
          10.483060836791992,
          0.7865625023841858
        ],
        [
          11.743125915527344,
          2.2554144859313965
        ],
        [
          10.001953125,
          1.9056971073150635
        ],
        [
          11.588140487670898,
          1.5997440814971924
        ],
        [
          11.157926559448242,
          2.877711534500122
        ],
        [
          12.227862358093262,
          0.10583941638469696
        ],
        [
          12.808307647705078,
          -0.517155647277832
        ],
        [
          10.96072769165039,
          1.780890941619873
        ],
        [
          12.773777961730957,
          0.18418540060520172
        ],
        [
          12.105450630187988,
          -0.5542917251586914
        ],
        [
          10.154803276062012,
          2.5899057388305664
        ],
        [
          11.641820907592773,
          0.15593582391738892
        ],
        [
          10.74371337890625,
          2.2498865127563477
        ]
      ],
      "info": {
        "method": "UMAP",
        "n_neighbors": 14,
        "min_dist": 0.1
      }
    }
  },
  "ncd_lzma": {
    "pca": {
      "embedding": [
        [
          0.3401173955472696,
          -0.24827804859033445
        ],
        [
          0.38446660763813056,
          0.014925545114875328
        ],
        [
          0.24525687544076616,
          0.334049979994044
        ],
        [
          0.08377100778560266,
          0.6118309418191316
        ],
        [
          0.2179470405419163,
          0.41548649059888476
        ],
        [
          0.2928911252002132,
          -0.3772293191889018
        ],
        [
          0.10391309141404725,
          -0.36532799586999587
        ],
        [
          -0.39727066697294566,
          -0.051820129054426095
        ],
        [
          -0.4096571954003287,
          0.02264926975000598
        ],
        [
          0.23931039275542412,
          0.03380147351010396
        ],
        [
          -0.4147174317759986,
          0.022226987744165504
        ],
        [
          -0.4309736484967273,
          0.00836145762922611
        ],
        [
          0.04152914350661357,
          -0.2174128200118228
        ],
        [
          -0.31210934363807824,
          -0.027555105645019208
        ],
        [
          0.01552560645409493,
          -0.17570872779993632
        ]
      ],
      "info": {
        "method": "PCA",
        "explained_variance_ratio": [
          0.09981755761821547,
          0.0819934650032411
        ],
        "cumulative_variance": [
          0.09981755761821547,
          0.18181102262145657
        ],
        "total_variance_explained": 0.18181102262145657,
        "n_components": 2
      }
    },
    "tsne": {
      "error": "TSNE.__init__() got an unexpected keyword argument 'n_iter'"
    },
    "umap": {
      "embedding": [
        [
          16.97502326965332,
          9.158186912536621
        ],
        [
          17.565675735473633,
          8.820642471313477
        ],
        [
          18.121793746948242,
          8.432613372802734
        ],
        [
          17.025453567504883,
          8.1599702835083
        ],
        [
          17.64471435546875,
          8.011731147766113
        ],
        [
          17.506139755249023,
          9.653824806213379
        ],
        [
          16.59965705871582,
          9.785561561584473
        ],
        [
          15.429895401000977,
          10.282449722290039
        ],
        [
          15.664320945739746,
          11.22567081451416
        ],
        [
          18.09260368347168,
          9.259305953979492
        ],
        [
          15.768338203430176,
          10.785097122192383
        ],
        [
          15.039382934570312,
          10.817010879516602
        ],
        [
          16.28303337097168,
          9.134349822998047
        ],
        [
          16.46527671813965,
          10.709951400756836
        ],
        [
          17.258790969848633,
          10.302919387817383
        ]
      ],
      "info": {
        "method": "UMAP",
        "n_neighbors": 14,
        "min_dist": 0.1
      }
    }
  },
  "categories": {
    "grep": "text_processing",
    "sed": "text_processing",
    "gzip": "compression",
    "bzip2": "compression",
    "xz": "compression",
    "find": "system",
    "tar": "archives",
    "bash": "shells",
    "python3": "interpreters",
    "curl": "networking",
    "git": "version_control",
    "vim": "editors",
    "nano": "editors",
    "gcc": "compilers",
    "objdump": "unknown"
  },
  "category_summary": {
    "category_distribution": {
      "text_processing": 2,
      "compression": 3,
      "system": 1,
      "archives": 1,
      "shells": 1,
      "interpreters": 1,
      "networking": 1,
      "version_control": 1,
      "editors": 2,
      "compilers": 1,
      "unknown": 1
    },
    "num_categories": 11,
    "largest_category": [
      "compression",
      3
    ],
    "single_binary_categories": 8
  }
}