{
  "compression_statistics": {
    "zlib": {
      "mean": 0.22391724222717763,
      "std": 0.023908700096604125,
      "min": 0.15239753986828497,
      "max": 0.26334217145965055,
      "median": 0.22840598587062705
    },
    "lzma": {
      "mean": 0.1902478341572005,
      "std": 0.02917672436598846,
      "min": 0.12045011564749604,
      "max": 0.25101626016260165,
      "median": 0.19175765031523911
    },
    "lz_complexity": {
      "mean": 1227.324844962236,
      "std": 1945.1133577475623,
      "min": 52.27317722273989,
      "max": 7497.302828791767,
      "median": 389.40004301450574
    }
  },
  "random_baseline": {
    "zlib_ratio": 0.6821673513876079,
    "lzma_ratio": 0.5776624465498448,
    "lz_complexity": 53871.8,
    "num_samples": 10
  },
  "unigram_shuffled_baseline": {
    "zlib_ratio": 0.3655970013992931,
    "lzma_ratio": 0.3130176397824256,
    "lz_complexity": 26733.184615384616,
    "num_samples": 195,
    "description": "Sequences with identical unigram distribution but random order; gap to corpus mean = sequential redundancy only."
  },
  "size_correlation": {
    "correlation": -0.2494964488988236,
    "interpretation": "Weak correlation between size and compression ratio (r=-0.249)"
  },
  "per_binary_results": [
    {
      "binary_name": "grep",
      "original_size": 65920,
      "instruction_count": 32960,
      "zlib_compressed_size": 14634,
      "zlib_ratio": 0.22199635922330097,
      "lzma_compressed_size": 12376,
      "lzma_ratio": 0.18774271844660195,
      "lz_complexity": 7250,
      "normalized_lz_complexity": 483.0618969222763
    },
    {
      "binary_name": "sed",
      "original_size": 36956,
      "instruction_count": 18478,
      "zlib_compressed_size": 9041,
      "zlib_ratio": 0.24464227730273838,
      "lzma_compressed_size": 7820,
      "lzma_ratio": 0.21160298733629182,
      "lz_complexity": 4378,
      "normalized_lz_complexity": 308.88584441810593
    },
    {
      "binary_name": "awk",
      "original_size": 327026,
      "instruction_count": 163513,
      "zlib_compressed_size": 65830,
      "zlib_ratio": 0.20129897928605064,
      "lzma_compressed_size": 51456,
      "lzma_ratio": 0.15734528753065505,
      "lz_complexity": 29348,
      "normalized_lz_complexity": 1694.550630155246
    },
    {
      "binary_name": "diff",
      "original_size": 46062,
      "instruction_count": 23031,
      "zlib_compressed_size": 11123,
      "zlib_ratio": 0.2414788762971647,
      "lzma_compressed_size": 9592,
      "lzma_ratio": 0.20824106638878034,
      "lz_complexity": 5391,
      "normalized_lz_complexity": 372.01658449690683
    },
    {
      "binary_name": "gzip",
      "original_size": 29418,
      "instruction_count": 14709,
      "zlib_compressed_size": 7747,
      "zlib_ratio": 0.26334217145965055,
      "lzma_compressed_size": 6696,
      "lzma_ratio": 0.22761574546196206,
      "lz_complexity": 3801,
      "normalized_lz_complexity": 274.5512141916769
    },
    {
      "binary_name": "bzip2",
      "original_size": 6516,
      "instruction_count": 3258,
      "zlib_compressed_size": 1520,
      "zlib_ratio": 0.2332719459791283,
      "lzma_compressed_size": 1452,
      "lzma_ratio": 0.22283609576427257,
      "lz_complexity": 908,
      "normalized_lz_complexity": 77.80786860972609
    },
    {
      "binary_name": "xz",
      "original_size": 26012,
      "instruction_count": 13006,
      "zlib_compressed_size": 5714,
      "zlib_ratio": 0.21966784560971858,
      "lzma_compressed_size": 4988,
      "lzma_ratio": 0.19175765031523911,
      "lz_complexity": 3032,
      "normalized_lz_complexity": 221.85003791517602
    },
    {
      "binary_name": "zip",
      "original_size": 51080,
      "instruction_count": 25540,
      "zlib_compressed_size": 11950,
      "zlib_ratio": 0.23394675019577135,
      "lzma_compressed_size": 10200,
      "lzma_ratio": 0.19968676585747847,
      "lz_complexity": 5701,
      "normalized_lz_complexity": 389.40004301450574
    },
    {
      "binary_name": "unzip",
      "original_size": 47668,
      "instruction_count": 23834,
      "zlib_compressed_size": 11376,
      "zlib_ratio": 0.2386506671142066,
      "lzma_compressed_size": 9692,
      "lzma_ratio": 0.2033229839724763,
      "lz_complexity": 5630,
      "normalized_lz_complexity": 387.1881710491883
    },
    {
      "binary_name": "cp",
      "original_size": 41640,
      "instruction_count": 20820,
      "zlib_compressed_size": 9686,
      "zlib_ratio": 0.23261287223823246,
      "lzma_compressed_size": 8316,
      "lzma_ratio": 0.19971181556195966,
      "lz_complexity": 4767,
      "normalized_lz_complexity": 332.295101137034
    },
    {
      "binary_name": "mv",
      "original_size": 41530,
      "instruction_count": 20765,
      "zlib_compressed_size": 9688,
      "zlib_ratio": 0.23327714904888033,
      "lzma_compressed_size": 8376,
      "lzma_ratio": 0.20168552853359017,
      "lz_complexity": 4724,
      "normalized_lz_complexity": 329.3853057350744
    },
    {
      "binary_name": "rm",
      "original_size": 17284,
      "instruction_count": 8642,
      "zlib_compressed_size": 4224,
      "zlib_ratio": 0.2443878731775052,
      "lzma_compressed_size": 3820,
      "lzma_ratio": 0.22101365424670216,
      "lz_complexity": 2222,
      "normalized_lz_complexity": 169.9147048331194
    },
    {
      "binary_name": "chmod",
      "original_size": 16314,
      "instruction_count": 8157,
      "zlib_compressed_size": 4111,
      "zlib_ratio": 0.25199215397817826,
      "lzma_compressed_size": 3688,
      "lzma_ratio": 0.22606350373911976,
      "lz_complexity": 2162,
      "normalized_lz_complexity": 166.3867524226428
    },
    {
      "binary_name": "chown",
      "original_size": 17676,
      "instruction_count": 8838,
      "zlib_compressed_size": 4287,
      "zlib_ratio": 0.24253224711473184,
      "lzma_compressed_size": 3860,
      "lzma_ratio": 0.21837519800859923,
      "lz_complexity": 2289,
      "normalized_lz_complexity": 174.60614545962233
    },
    {
      "binary_name": "df",
      "original_size": 19880,
      "instruction_count": 9940,
      "zlib_compressed_size": 5079,
      "zlib_ratio": 0.25548289738430585,
      "lzma_compressed_size": 4508,
      "lzma_ratio": 0.2267605633802817,
      "lz_complexity": 2609,
      "normalized_lz_complexity": 196.47519232888465
    },
    {
      "binary_name": "find",
      "original_size": 64028,
      "instruction_count": 32014,
      "zlib_compressed_size": 14586,
      "zlib_ratio": 0.2278065846192291,
      "lzma_compressed_size": 12392,
      "lzma_ratio": 0.19354032610732805,
      "lz_complexity": 7118,
      "normalized_lz_complexity": 475.59818734759233
    },
    {
      "binary_name": "curl",
      "original_size": 54466,
      "instruction_count": 27233,
      "zlib_compressed_size": 11898,
      "zlib_ratio": 0.21844820622039438,
      "lzma_compressed_size": 10112,
      "lzma_ratio": 0.18565710718613446,
      "lz_complexity": 5861,
      "normalized_lz_complexity": 397.81258602724165
    },
    {
      "binary_name": "wget",
      "original_size": 141266,
      "instruction_count": 70633,
      "zlib_compressed_size": 32266,
      "zlib_ratio": 0.22840598587062705,
      "lzma_compressed_size": 26528,
      "lzma_ratio": 0.18778757804425694,
      "lz_complexity": 14714,
      "normalized_lz_complexity": 913.4560457853913
    },
    {
      "binary_name": "ssh",
      "original_size": 283724,
      "instruction_count": 141862,
      "zlib_compressed_size": 57235,
      "zlib_ratio": 0.20172773540483005,
      "lzma_compressed_size": 45392,
      "lzma_ratio": 0.15998646572020697,
      "lz_complexity": 25313,
      "normalized_lz_complexity": 1479.0703338144422
    },
    {
      "binary_name": "scp",
      "original_size": 43930,
      "instruction_count": 21965,
      "zlib_compressed_size": 9670,
      "zlib_ratio": 0.22012292283177784,
      "lzma_compressed_size": 8256,